{"train/epoch":2,"_timestamp":1.7540325600023596e+09,"train_runtime":97.4811,"train_steps_per_second":4.801,"total_flos":3.905270710272e+15,"_wandb":{"runtime":97},"train/global_step":468,"_runtime":97,"train_loss":0.008765859481615897,"_step":0,"train_samples_per_second":153.322}