{"_step":4,"train_samples_per_second":276.051,"_wandb":{"runtime":54},"train_loss":0.547586714100634,"_runtime":54,"train/grad_norm":0.3494572341442108,"total_flos":1.956554735616e+15,"_timestamp":1.7537601073793688e+09,"train/loss":0.4105,"train/epoch":2,"train_runtime":54.1421,"train_steps_per_second":8.644,"train/global_step":468,"train/learning_rate":7.371794871794872e-05}