{"_timestamp":1.7540335026859088e+09,"_wandb":{"runtime":493},"train_samples_per_second":151.673,"train_steps_per_second":4.749,"train_runtime":492.705,"train/loss":0.0028,"total_flos":1.952635355136e+16,"train/grad_norm":0.004334950353950262,"train_loss":0.004051972505373832,"_runtime":493,"train/epoch":10,"train/global_step":2340,"_step":4,"train/learning_rate":7.286324786324787e-05}